{
  "name": "cwiczenie",
  "version": "0.0.0",
  "lockfileVersion": 1,
  "requires": true,
  "dependencies": {
    "accepts": {
      "version": "1.3.7",
      "resolved": "https://registry.npmjs.org/accepts/-/accepts-1.3.7.tgz",
      "integrity": "sha512-Il80Qs2WjYlJIBNzNkK6KYqlVMTbZLXgHx2oT0pU/fjRHyEp+PEfEPY0R3WCwAGVOtauxh1hOxNgIf5bv7dQpA==",
      "requires": {
        "mime-types": "~2.1.24",
        "negotiator": "0.6.2"
      }
    },
    "array-flatten": {
      "version": "1.1.1",
      "resolved": "https://registry.npmjs.org/array-flatten/-/array-flatten-1.1.1.tgz",
      "integrity": "sha1-ml9pkFGx5wczKPKgCJaLZOopVdI="
    },
    "basic-auth": {
      "version": "2.0.1",
      "resolved": "https://registry.npmjs.org/basic-auth/-/basic-auth-2.0.1.tgz",
      "integrity": "sha512-NF+epuEdnUYVlGuhaxbbq+dvJttwLnGY+YixlXlME5KpQ5W3CnXA5cVTneY3SPbPDRkcjMbifrwmFYcClgOZeg==",
      "requires": {
        "safe-buffer": "5.1.2"
      }
    },
    "body-parser": {
      "version": "1.18.3",
      "resolved": "https://registry.npmjs.org/body-parser/-/body-parser-1.18.3.tgz",
      "integrity": "sha1-WykhmP/dVTs6DyDe0FkrlWlVyLQ=",
      "requires": {
        "bytes": "3.0.0",
        "content-type": "~1.0.4",
        "debug": "2.6.9",
        "depd": "~1.1.2",
        "http-errors": "~1.6.3",
        "iconv-lite": "0.4.23",
        "on-finished": "~2.3.0",
        "qs": "6.5.2",
        "raw-body": "2.3.3",
        "type-is": "~1.6.16"
      }
    },
    "bytes": {
      "version": "3.0.0",
      "resolved": "https://registry.npmjs.org/bytes/-/bytes-3.0.0.tgz",
      "integrity": "sha1-0ygVQE1olpn4Wk6k+odV3ROpYEg="
    },
    "content-disposition": {
      "version": "0.5.2",
      "resolved": "https://registry.npmjs.org/content-disposition/-/content-disposition-0.5.2.tgz",
      "integrity": "sha1-DPaLud318r55YcOoUXjLhdunjLQ="
    },
    "content-type": {
      "version": "1.0.4",
      "resolved": "https://registry.npmjs.org/content-type/-/content-type-1.0.4.tgz",
      "integrity": "sha512-hIP3EEPs8tB9AT1L+NUqtwOAps4mk2Zob89MWXMHjHWg9milF/j4osnnQLXBCBFBk/tvIG/tUc9mOUJiPBhPXA=="
    },
    "cookie": {
      "version": "0.4.0",
      "resolved": "https://registry.npmjs.org/cookie/-/cookie-0.4.0.tgz",
      "integrity": "sha512-+Hp8fLp57wnUSt0tY0tHEXh4voZRDnoIrZPqlo3DPiI4y9lwg/jqx+1Om94/W6ZaPDOUbnjOt/99w66zk+l1Xg=="
    },
    "cookie-parser": {
      "version": "1.4.5",
      "resolved": "https://registry.npmjs.org/cookie-parser/-/cookie-parser-1.4.5.tgz",
      "integrity": "sha512-f13bPUj/gG/5mDr+xLmSxxDsB9DQiTIfhJS/sqjrmfAWiAN+x2O4i/XguTL9yDZ+/IFDanJ+5x7hC4CXT9Tdzw==",
      "requires": {
        "cookie": "0.4.0",
        "cookie-signature": "1.0.6"
      }
    },
    "cookie-signature": {
      "version": "1.0.6",
      "resolved": "https://registry.npmjs.org/cookie-signature/-/cookie-signature-1.0.6.tgz",
      "integrity": "sha1-4wOogrNCzD7oylE6eZmXNNqzriw="
    },
    "debug": {
      "version": "2.6.9",
      "resolved": "https://registry.npmjs.org/debug/-/debug-2.6.9.tgz",
      "integrity": "sha512-bC7ElrdJaJnPbAP+1EotYvqZsb3ecl5wi6Bfi6BJTUcNowp6cvspg0jXznRTKDjm/E7AdgFBVeAPVMNcKGsHMA==",
      "requires": {
        "ms": "2.0.0"
      }
    },
    "depd": {
      "version": "1.1.2",
      "resolved": "https://registry.npmjs.org/depd/-/depd-1.1.2.tgz",
      "integrity": "sha1-m81S4UwJd2PnSbJ0xDRu0uVgtak="
    },
    "destroy": {
      "version": "1.0.4",
      "resolved": "https://registry.npmjs.org/destroy/-/destroy-1.0.4.tgz",
      "integrity": "sha1-l4hXRCxEdJ5CBmE+N5RiBYJqvYA="
    },
    "ee-first": {
      "version": "1.1.1",
      "resolved": "https://registry.npmjs.org/ee-first/-/ee-first-1.1.1.tgz",
      "integrity": "sha1-WQxhFWsK4vTwJVcyoViyZrxWsh0="
    },
    "ejs": {
      "version": "2.6.2",
      "resolved": "https://registry.npmjs.org/ejs/-/ejs-2.6.2.tgz",
      "integrity": "sha512-PcW2a0tyTuPHz3tWyYqtK6r1fZ3gp+3Sop8Ph+ZYN81Ob5rwmbHEzaqs10N3BEsaGTkh/ooniXK+WwszGlc2+Q=="
    },
    "encodeurl": {
      "version": "1.0.2",
      "resolved": "https://registry.npmjs.org/encodeurl/-/encodeurl-1.0.2.tgz",
      "integrity": "sha1-rT/0yG7C0CkyL1oCw6mmBslbP1k="
    },
    "escape-html": {
      "version": "1.0.3",
      "resolved": "https://registry.npmjs.org/escape-html/-/escape-html-1.0.3.tgz",
      "integrity": "sha1-Aljq5NPQwJdN4cFpGI7wBR0dGYg="
    },
    "etag": {
      "version": "1.8.1",
      "resolved": "https://registry.npmjs.org/etag/-/etag-1.8.1.tgz",
      "integrity": "sha1-Qa4u62XvpiJorr/qg6x9eSmbCIc="
    },
    "express": {
      "version": "4.16.4",
      "resolved": "https://registry.npmjs.org/express/-/express-4.16.4.tgz",
      "integrity": "sha512-j12Uuyb4FMrd/qQAm6uCHAkPtO8FDTRJZBDd5D2KOL2eLaz1yUNdUB/NOIyq0iU4q4cFarsUCrnFDPBcnksuOg==",
      "requires": {
        "accepts": "~1.3.5",
        "array-flatten": "1.1.1",
        "body-parser": "1.18.3",
        "content-disposition": "0.5.2",
        "content-type": "~1.0.4",
        "cookie": "0.3.1",
        "cookie-signature": "1.0.6",
        "debug": "2.6.9",
        "depd": "~1.1.2",
        "encodeurl": "~1.0.2",
        "escape-html": "~1.0.3",
        "etag": "~1.8.1",
        "finalhandler": "1.1.1",
        "fresh": "0.5.2",
        "merge-descriptors": "1.0.1",
        "methods": "~1.1.2",
        "on-finished": "~2.3.0",
        "parseurl": "~1.3.2",
        "path-to-regexp": "0.1.7",
        "proxy-addr": "~2.0.4",
        "qs": "6.5.2",
        "range-parser": "~1.2.0",
        "safe-buffer": "5.1.2",
        "send": "0.16.2",
        "serve-static": "1.13.2",
        "setprototypeof": "1.1.0",
        "statuses": "~1.4.0",
        "type-is": "~1.6.16",
        "utils-merge": "1.0.1",
        "vary": "~1.1.2"
      },
      "dependencies": {
        "cookie": {
          "version": "0.3.1",
          "resolved": "https://registry.npmjs.org/cookie/-/cookie-0.3.1.tgz",
          "integrity": "sha1-5+Ch+e9DtMi6klxcWpboBtFoc7s="
        }
      }
    },
    "finalhandler": {
      "version": "1.1.1",
      "resolved": "https://registry.npmjs.org/finalhandler/-/finalhandler-1.1.1.tgz",
      "integrity": "sha512-Y1GUDo39ez4aHAw7MysnUD5JzYX+WaIj8I57kO3aEPT1fFRL4sr7mjei97FgnwhAyyzRYmQZaTHb2+9uZ1dPtg==",
      "requires": {
        "debug": "2.6.9",
        "encodeurl": "~1.0.2",
        "escape-html": "~1.0.3",
        "on-finished": "~2.3.0",
        "parseurl": "~1.3.2",
        "statuses": "~1.4.0",
        "unpipe": "~1.0.0"
      }
    },
    "forwarded": {
      "version": "0.1.2",
      "resolved": "https://registry.npmjs.org/forwarded/-/forwarded-0.1.2.tgz",
      "integrity": "sha1-mMI9qxF1ZXuMBXPozszZGw/xjIQ="
    },
    "fresh": {
      "version": "0.5.2",
      "resolved": "https://registry.npmjs.org/fresh/-/fresh-0.5.2.tgz",
      "integrity": "sha1-PYyt2Q2XZWn6g1qx+OSyOhBWBac="
    },
    "http-errors": {
      "version": "1.6.3",
      "resolved": "https://registry.npmjs.org/http-errors/-/http-errors-1.6.3.tgz",
      "integrity": "sha1-i1VoC7S+KDoLW/TqLjhYC+HZMg0=",
      "requires": {
        "depd": "~1.1.2",
        "inherits": "2.0.3",
        "setprototypeof": "1.1.0",
        "statuses": ">= 1.4.0 < 2"
      }
    },
    "iconv-lite": {
      "version": "0.4.23",
      "resolved": "https://registry.npmjs.org/iconv-lite/-/iconv-lite-0.4.23.tgz",
      "integrity": "sha512-neyTUVFtahjf0mB3dZT77u+8O0QB89jFdnBkd5P1JgYPbPaia3gXXOVL2fq8VyU2gMMD7SaN7QukTB/pmXYvDA==",
      "requires": {
        "safer-buffer": ">= 2.1.2 < 3"
      }
    },
    "inherits": {
      "version": "2.0.3",
      "resolved": "https://registry.npmjs.org/inherits/-/inherits-2.0.3.tgz",
      "integrity": "sha1-Yzwsg+PaQqUC9SRmAiSA9CCCYd4="
    },
    "ipaddr.js": {
      "version": "1.9.1",
      "resolved": "https://registry.npmjs.org/ipaddr.js/-/ipaddr.js-1.9.1.tgz",
      "integrity": "sha512-0KI/607xoxSToH7GjN1FfSbLoU0+btTicjsQSWQlh/hZykN8KpmMf7uYwPW3R+akZ6R/w18ZlXSHBYXiYUPO3g=="
    },
    "media-typer": {
      "version": "0.3.0",
      "resolved": "https://registry.npmjs.org/media-typer/-/media-typer-0.3.0.tgz",
      "integrity": "sha1-hxDXrwqmJvj/+hzgAWhUUmMlV0g="
    },
    "merge-descriptors": {
      "version": "1.0.1",
      "resolved": "https://registry.npmjs.org/merge-descriptors/-/merge-descriptors-1.0.1.tgz",
      "integrity": "sha1-sAqqVW3YtEVoFQ7J0blT8/kMu2E="
    },
    "methods": {
      "version": "1.1.2",
      "resolved": "https://registry.npmjs.org/methods/-/methods-1.1.2.tgz",
      "integrity": "sha1-VSmk1nZUE07cxSZmVoNbD4Ua/O4="
    },
    "mime": {
      "version": "1.4.1",
      "resolved": "https://registry.npmjs.org/mime/-/mime-1.4.1.tgz",
      "integrity": "sha512-KI1+qOZu5DcW6wayYHSzR/tXKCDC5Om4s1z2QJjDULzLcmf3DvzS7oluY4HCTrc+9FiKmWUgeNLg7W3uIQvxtQ=="
    },
    "mime-db": {
      "version": "1.45.0",
      "resolved": "https://registry.npmjs.org/mime-db/-/mime-db-1.45.0.tgz",
      "integrity": "sha512-CkqLUxUk15hofLoLyljJSrukZi8mAtgd+yE5uO4tqRZsdsAJKv0O+rFMhVDRJgozy+yG6md5KwuXhD4ocIoP+w=="
    },
    "mime-types": {
      "version": "2.1.28",
      "resolved": "https://registry.npmjs.org/mime-types/-/mime-types-2.1.28.tgz",
      "integrity": "sha512-0TO2yJ5YHYr7M2zzT7gDU1tbwHxEUWBCLt0lscSNpcdAfFyJOVEpRYNS7EXVcTLNj/25QO8gulHC5JtTzSE2UQ==",
      "requires": {
        "mime-db": "1.45.0"
      }
    },
    "morgan": {
      "version": "1.9.1",
      "resolved": "https://registry.npmjs.org/morgan/-/morgan-1.9.1.tgz",
      "integrity": "sha512-HQStPIV4y3afTiCYVxirakhlCfGkI161c76kKFca7Fk1JusM//Qeo1ej2XaMniiNeaZklMVrh3vTtIzpzwbpmA==",
      "requires": {
        "basic-auth": "~2.0.0",
        "debug": "2.6.9",
        "depd": "~1.1.2",
        "on-finished": "~2.3.0",
        "on-headers": "~1.0.1"
      }
    },
    "ms": {
      "version": "2.0.0",
      "resolved": "https://registry.npmjs.org/ms/-/ms-2.0.0.tgz",
      "integrity": "sha1-VgiurfwAvmwpAd9fmGF4jeDVl8g="
    },
    "negotiator": {
      "version": "0.6.2",
      "resolved": "https://registry.npmjs.org/negotiator/-/negotiator-0.6.2.tgz",
      "integrity": "sha512-hZXc7K2e+PgeI1eDBe/10Ard4ekbfrrqG8Ep+8Jmf4JID2bNg7NvCPOZN+kfF574pFQI7mum2AUqDidoKqcTOw=="
    },
    "on-finished": {
      "version": "2.3.0",
      "resolved": "https://registry.npmjs.org/on-finished/-/on-finished-2.3.0.tgz",
      "integrity": "sha1-IPEzZIGwg811M3mSoWlxqi2QaUc=",
      "requires": {
        "ee-first": "1.1.1"
      }
    },
    "on-headers": {
      "version": "1.0.2",
      "resolved": "https://registry.npmjs.org/on-headers/-/on-headers-1.0.2.tgz",
      "integrity": "sha512-pZAE+FJLoyITytdqK0U5s+FIpjN0JP3OzFi/u8Rx+EV5/W+JTWGXG8xFzevE7AjBfDqHv/8vL8qQsIhHnqRkrA=="
    },
    "parseurl": {
      "version": "1.3.3",
      "resolved": "https://registry.npmjs.org/parseurl/-/parseurl-1.3.3.tgz",
      "integrity": "sha512-CiyeOxFT/JZyN5m0z9PfXw4SCBJ6Sygz1Dpl0wqjlhDEGGBP1GnsUVEL0p63hoG1fcj3fHynXi9NYO4nWOL+qQ=="
    },
    "path-to-regexp": {
      "version": "0.1.7",
      "resolved": "https://registry.npmjs.org/path-to-regexp/-/path-to-regexp-0.1.7.tgz",
      "integrity": "sha1-32BBeABfUi8V60SQ5yR6G/qmf4w="
    },
    "proxy-addr": {
      "version": "2.0.6",
      "resolved": "https://registry.npmjs.org/proxy-addr/-/proxy-addr-2.0.6.tgz",
      "integrity": "sha512-dh/frvCBVmSsDYzw6n926jv974gddhkFPfiN8hPOi30Wax25QZyZEGveluCgliBnqmuM+UJmBErbAUFIoDbjOw==",
      "requires": {
        "forwarded": "~0.1.2",
        "ipaddr.js": "1.9.1"
      }
    },
    "qs": {
      "version": "6.5.2",
      "resolved": "https://registry.npmjs.org/qs/-/qs-6.5.2.tgz",
      "integrity": "sha512-N5ZAX4/LxJmF+7wN74pUD6qAh9/wnvdQcjq9TZjevvXzSUo7bfmw91saqMjzGS2xq91/odN2dW/WOl7qQHNDGA=="
    },
    "range-parser": {
      "version": "1.2.1",
      "resolved": "https://registry.npmjs.org/range-parser/-/range-parser-1.2.1.tgz",
      "integrity": "sha512-Hrgsx+orqoygnmhFbKaHE6c296J+HTAQXoxEF6gNupROmmGJRoyzfG3ccAveqCBrwr/2yxQ5BVd/GTl5agOwSg=="
    },
    "raw-body": {
      "version": "2.3.3",
      "resolved": "https://registry.npmjs.org/raw-body/-/raw-body-2.3.3.tgz",
      "integrity": "sha512-9esiElv1BrZoI3rCDuOuKCBRbuApGGaDPQfjSflGxdy4oyzqghxu6klEkkVIvBje+FF0BX9coEv8KqW6X/7njw==",
      "requires": {
        "bytes": "3.0.0",
        "http-errors": "1.6.3",
        "iconv-lite": "0.4.23",
        "unpipe": "1.0.0"
      }
    },
    "safe-buffer": {
      "version": "5.1.2",
      "resolved": "https://registry.npmjs.org/safe-buffer/-/safe-buffer-5.1.2.tgz",
      "integrity": "sha512-Gd2UZBJDkXlY7GbJxfsE8/nvKkUEU1G38c1siN6QP6a9PT9MmHB8GnpscSmMJSoF8LOIrt8ud/wPtojys4G6+g=="
    },
    "safer-buffer": {
      "version": "2.1.2",
      "resolved": "https://registry.npmjs.org/safer-buffer/-/safer-buffer-2.1.2.tgz",
      "integrity": "sha512-YZo3K82SD7Riyi0E1EQPojLz7kpepnSQI9IyPbHHg1XXXevb5dJI7tpyN2ADxGcQbHG7vcyRHk0cbwqcQriUtg=="
    },
    "send": {
      "version": "0.16.2",
      "resolved": "https://registry.npmjs.org/send/-/send-0.16.2.tgz",
      "integrity": "sha512-E64YFPUssFHEFBvpbbjr44NCLtI1AohxQ8ZSiJjQLskAdKuriYEP6VyGEsRDH8ScozGpkaX1BGvhanqCwkcEZw==",
      "requires": {
        "debug": "2.6.9",
        "depd": "~1.1.2",
        "destroy": "~1.0.4",
        "encodeurl": "~1.0.2",
        "escape-html": "~1.0.3",
        "etag": "~1.8.1",
        "fresh": "0.5.2",
        "http-errors": "~1.6.2",
        "mime": "1.4.1",
        "ms": "2.0.0",
        "on-finished": "~2.3.0",
        "range-parser": "~1.2.0",
        "statuses": "~1.4.0"
      }
    },
    "serve-static": {
      "version": "1.13.2",
      "resolved": "https://registry.npmjs.org/serve-static/-/serve-static-1.13.2.tgz",
      "integrity": "sha512-p/tdJrO4U387R9oMjb1oj7qSMaMfmOyd4j9hOFoxZe2baQszgHcSWjuya/CiT5kgZZKRudHNOA0pYXOl8rQ5nw==",
      "requires": {
        "encodeurl": "~1.0.2",
        "escape-html": "~1.0.3",
        "parseurl": "~1.3.2",
        "send": "0.16.2"
      }
    },
    "setprototypeof": {
      "version": "1.1.0",
      "resolved": "https://registry.npmjs.org/setprototypeof/-/setprototypeof-1.1.0.tgz",
      "integrity": "sha512-BvE/TwpZX4FXExxOxZyRGQQv651MSwmWKZGqvmPcRIjDqWub67kTKuIMx43cZZrS/cBBzwBcNDWoFxt2XEFIpQ=="
    },
    "statuses": {
      "version": "1.4.0",
      "resolved": "https://registry.npmjs.org/statuses/-/statuses-1.4.0.tgz",
      "integrity": "sha512-zhSCtt8v2NDrRlPQpCNtw/heZLtfUDqxBM1udqikb/Hbk52LK4nQSwr10u77iopCW5LsyHpuXS0GnEc48mLeew=="
    },
    "type-is": {
      "version": "1.6.18",
      "resolved": "https://registry.npmjs.org/type-is/-/type-is-1.6.18.tgz",
      "integrity": "sha512-TkRKr9sUTxEH8MdfuCSP7VizJyzRNMjj2J2do2Jr3Kym598JVdEksuzPQCnlFPW4ky9Q+iA+ma9BGm06XQBy8g==",
      "requires": {
        "media-typer": "0.3.0",
        "mime-types": "~2.1.24"
      }
    },
    "unpipe": {
      "version": "1.0.0",
      "resolved": "https://registry.npmjs.org/unpipe/-/unpipe-1.0.0.tgz",
      "integrity": "sha1-sr9O6FFKrmFltIF4KdIbLvSZBOw="
    },
    "utils-merge": {
      "version": "1.0.1",
      "resolved": "https://registry.npmjs.org/utils-merge/-/utils-merge-1.0.1.tgz",
      "integrity": "sha1-n5VxD1CiZ5R7LMwSR0HBAoQn5xM="
    },
    "vary": {
      "version": "1.1.2",
      "resolved": "https://registry.npmjs.org/vary/-/vary-1.1.2.tgz",
      "integrity": "sha1-IpnwLG3tMNSllhsLn3RSShj2NPw="
    }
  }
}
